Fold,RMSE
1,48.427765266496344
2,45.94474848459382
3,29.87480552450328
4,34.02105134355836
5,58.84598136354566
